GROUP,PACKAGE,CLASS,INSTRUCTION_MISSED,INSTRUCTION_COVERED,BRANCH_MISSED,BRANCH_COVERED,LINE_MISSED,LINE_COVERED,COMPLEXITY_MISSED,COMPLEXITY_COVERED,METHOD_MISSED,METHOD_COVERED
java-io-guide,com.javaguides.javaio.zipexamples,DecompressZipExample,111,0,6,0,27,0,6,0,3,0
java-io-guide,com.javaguides.javaio.zipexamples,CompressMultipleFilesToZip,166,0,10,0,31,0,10,0,5,0
java-io-guide,com.javaguides.javaio.zipexamples,CompressZipFile,52,0,2,0,13,0,3,0,2,0
java-io-guide,com.javaguides.javaio.ioexamples,FileWritterExample,31,0,2,0,11,0,3,0,2,0
java-io-guide,com.javaguides.javaio.ioexamples,Employee,17,0,0,0,7,0,5,0,5,0
java-io-guide,com.javaguides.javaio.ioexamples,DataOutputStreamExample,119,0,2,0,14,0,4,0,3,0
java-io-guide,com.javaguides.javaio.ioexamples,DataInputStreamExample,61,0,2,0,13,0,3,0,2,0
java-io-guide,com.javaguides.javaio.ioexamples,FileUtility,4,0,0,0,2,0,2,0,2,0
java-io-guide,com.javaguides.javaio.ioexamples,BufferedInputStreamExample,33,0,2,0,9,0,3,0,2,0
java-io-guide,com.javaguides.javaio.ioexamples,BufferedWriterExample,28,0,0,0,9,0,2,0,2,0
java-io-guide,com.javaguides.javaio.ioexamples,BufferedOutputStreamExample,39,0,2,0,12,0,3,0,2,0
java-io-guide,com.javaguides.javaio.ioexamples,FileOutputStreamExample,43,0,2,0,15,0,4,0,3,0
java-io-guide,com.javaguides.javaio.ioexamples,FileInputStreamExample,42,0,2,0,10,0,3,0,2,0
java-io-guide,com.javaguides.javaio.ioexamples,ObjectInputStreamExample,42,0,0,0,10,0,2,0,2,0
java-io-guide,com.javaguides.javaio.ioexamples,BufferedReaderExample,31,0,2,0,9,0,3,0,2,0
java-io-guide,com.javaguides.javaio.fileoperations.fileexamples,CopyFileExample,45,0,2,0,13,0,5,0,4,0
java-io-guide,com.javaguides.javaio.fileoperations.fileexamples,TwoFilesEqualExample,81,0,12,0,20,0,9,0,3,0
java-io-guide,com.javaguides.javaio.fileoperations.fileexamples,CreateFileExample,31,0,2,0,13,0,5,0,4,0
java-io-guide,com.javaguides.javaio.fileoperations.fileexamples,WriteFileExample,31,0,0,0,11,0,4,0,4,0
java-io-guide,com.javaguides.javaio.fileoperations.fileexamples,AppendFileExample,36,0,0,0,13,0,4,0,4,0
java-io-guide,com.javaguides.javaio.fileoperations.fileexamples,GetFileExtensionExample,53,0,4,0,12,0,5,0,3,0
java-io-guide,com.javaguides.javaio.fileoperations.fileexamples,RenameFileExample,31,0,2,0,10,0,5,0,4,0
java-io-guide,com.javaguides.javaio.fileoperations.fileexamples,MoveFileExample,31,0,2,0,10,0,5,0,4,0
java-io-guide,com.javaguides.javaio.fileoperations.fileexamples,DeleteFileExample,33,0,2,0,10,0,5,0,4,0
java-io-guide,com.javaguides.javaio.oracle,DataStreams,178,0,2,0,24,0,4,0,3,0
java-io-guide,com.javaguides.javaio.oracle,CopyBytes,36,0,6,0,12,0,5,0,2,0
java-io-guide,com.javaguides.javaio.oracle,ObjectStreams,216,0,2,0,28,0,4,0,3,0
java-io-guide,com.javaguides.javaio.oracle,CopyCharacters,36,0,6,0,12,0,5,0,2,0
java-io-guide,com.javaguides.javaio,WriteFileExamples,380,0,10,0,73,0,14,0,9,0
java-io-guide,com.javaguides.javaio,ReadFileExamples,42,0,2,0,10,0,3,0,2,0
java-io-guide,com.javaguides.javaio,FileOperations,361,0,12,0,90,0,18,0,12,0
